{
    "zi": 1460.0423583984375,
    "thl": 301.37213134765625,
    "dthl": 2.097991943359375,
    "gamma_thl_1": 0.008111921139061451,
    "z1_thl": 1825.9521484375,
    "gamma_thl_2": 0.0038713656831532717,
    "qt": 0.008878009393811226,
    "dqt": -0.0019000894390046597,
    "gamma_qt_1": -1.1321161764499266e-05,
    "z1_qt": 1644.3216552734375,
    "gamma_qt_2": -1.412755864294013e-06,
    "div": 1.4616432054026518e-05,
    "u": -4.352973937988281,
    "ug": -7.472499847412109,
    "du": -3.119525909423828,
    "gamma_u_1": 0.0,
    "z1_u": 2776.86376953125,
    "gamma_u_2": 0.0036937291733920574,
    "v": -14.779647827148438,
    "vg": -16.280900955200195,
    "dv": -1.5012531280517578,
    "gamma_v_1": 0.0034295495133847,
    "z1_v": 2617.93701171875,
    "gamma_v_2": 0.0034689612220972776,
    "start_time": "2024-06-29T11:00:00",
    "time": [
        0,
        1,
        2,
        3,
        4,
        5,
        6,
        7,
        8,
        9,
        10,
        11,
        12
    ],
    "wthl": [
        0.39150595737762767,
        0.3671948513847004,
        0.31538020299232694,
        0.2391135181542123,
        0.15742373710790036,
        0.0775937996714178,
        0.012966214625553514,
        0.0,
        0.0,
        0.0,
        0.0,
        0.0,
        0.0
    ],
    "wqt": [
        1.961042835318949e-05,
        2.0504690837697126e-05,
        2.1658044715877622e-05,
        2.2547088519786485e-05,
        2.2180895030032843e-05,
        2.0592073269654065e-05,
        1.6553742170799524e-05,
        1.3421978110272903e-05,
        1.24150283227209e-05,
        1.174615590571193e-05,
        1.2213852642162237e-05,
        1.4047046533960383e-05,
        1.4549535080732312e-05
    ],
    "is_tuned": true,
    "fc": 9.015654973264151e-05,
    "ps": 99118.1953125,
    "z0m": 0.41561299562454224,
    "z0h": 0.0015806852607056499
}