{
    "zi": 1349.187744140625,
    "thl": 301.21722412109375,
    "dthl": 1.5867919921875,
    "gamma_thl_1": 0.0032461618538945913,
    "z1_thl": 3133.37109375,
    "gamma_thl_2": 0.008239400573074818,
    "qt": 0.009128513745963573,
    "dqt": -0.0005363496020436287,
    "gamma_qt_1": -1.9767217054322828e-06,
    "z1_qt": 2985.5419921875,
    "gamma_qt_2": -4.6448176362900995e-06,
    "div": 6.655878223682521e-06,
    "u": -0.38119038939476013,
    "ug": 1.8893620073795319,
    "du": 2.270552396774292,
    "gamma_u_1": 0.009213371202349663,
    "z1_u": 2179.304931640625,
    "gamma_u_2": 0.00045945050078444183,
    "v": 0.8117736577987671,
    "vg": 1.536741852760315,
    "dv": 0.7249681949615479,
    "gamma_v_1": 0.0007103647221811116,
    "z1_v": 2588.677734375,
    "gamma_v_2": 0.0003462126769591123,
    "start_time": "2024-07-07T15:00:00",
    "time": [
        0,
        1,
        2,
        3,
        4,
        5,
        6,
        7,
        8
    ],
    "wthl": [
        0.15217711860562985,
        0.12050326502949435,
        0.08146328877936759,
        0.03685490775586568,
        0.0004059364301782665,
        0.0,
        0.0,
        0.0,
        0.0
    ],
    "wqt": [
        4.125594568904489e-05,
        3.469292278168723e-05,
        2.5004741473821923e-05,
        1.567887193232309e-05,
        7.0846290327608585e-06,
        4.207896381558385e-06,
        3.2831724183779443e-06,
        2.2961014565225923e-06,
        2.2997637643129565e-06
    ],
    "is_tuned": true,
    "fc": 9.640857142558722e-05,
    "ps": 97864.015625,
    "z0m": 0.4823833107948303,
    "z0h": 0.003249803790822625
}