{
    "zi": 949.2063598632812,
    "thl": 298.771728515625,
    "dthl": 5.656463623046875,
    "gamma_thl_1": 0.002271209843456745,
    "z1_thl": 2336.7880859375,
    "gamma_thl_2": 0.005781601183116436,
    "qt": 0.011783498339354992,
    "dqt": -0.002078070305287838,
    "gamma_qt_1": -4.945023647451308e-06,
    "z1_qt": 2234.620849609375,
    "gamma_qt_2": -1.6909738178583211e-06,
    "div": 7.298157811419514e-07,
    "u": 1.1106351613998413,
    "ug": 4.3975337743759155,
    "du": 3.286898612976074,
    "gamma_u_1": 0.007676189765334129,
    "z1_u": 1414.6346435546875,
    "gamma_u_2": -0.0007200819090940058,
    "v": 0.2064996063709259,
    "vg": -1.400167316198349,
    "dv": -1.606666922569275,
    "gamma_v_1": -0.001912604784592986,
    "z1_v": 2288.731689453125,
    "gamma_v_2": 0.0007612499175593257,
    "start_time": "2023-10-05T10:00:00",
    "time": [
        0,
        1,
        2,
        3,
        4,
        5,
        6,
        7,
        8,
        9,
        10,
        11,
        12,
        13
    ],
    "wthl": [
        0.05711868345680947,
        0.10341776226692276,
        0.15432991584908629,
        0.15428083949681687,
        0.1252080125736151,
        0.06894332354634908,
        0.019861372393162144,
        0.0,
        0.0,
        0.0,
        0.0,
        0.0,
        0.0,
        0.0
    ],
    "wqt": [
        2.7696905817720108e-05,
        3.449081486905925e-05,
        4.229335536365397e-05,
        4.157214789302088e-05,
        3.510021633701399e-05,
        2.5774581445148215e-05,
        1.507391789346002e-05,
        3.870411546813557e-06,
        1.0555554581515025e-06,
        3.2524016546631174e-07,
        8.833174547362432e-08,
        0.0,
        0.0,
        0.0
    ],
    "is_tuned": true,
    "fc": 9.740361119839841e-05,
    "ps": 94732.734375,
    "z0m": 0.7787185311317444,
    "z0h": 0.11362532526254654
}