{
    "zi": 1033.9412841796875,
    "thl": 302.08160400390625,
    "dthl": 0.62042236328125,
    "gamma_thl_1": 0.0009736661450006068,
    "z1_thl": 1671.1123046875,
    "gamma_thl_2": 0.003463093191385269,
    "qt": 0.009507746435701847,
    "dqt": -0.0012296615168452263,
    "gamma_qt_1": -2.5772324079298414e-06,
    "z1_qt": 2628.763916015625,
    "gamma_qt_2": -9.534622336104803e-07,
    "div": -1.2975914387425291e-06,
    "u": 0.9068311452865601,
    "ug": 2.051095724105835,
    "du": 1.144264578819275,
    "gamma_u_1": -0.0043750363402068615,
    "z1_u": 1945.9903564453125,
    "gamma_u_2": -0.002617038320749998,
    "v": -0.05082942172884941,
    "vg": 0.5438266880810261,
    "dv": 0.5946561098098755,
    "gamma_v_1": -0.003304657991975546,
    "z1_v": 2698.430908203125,
    "gamma_v_2": 0.00011421905946917832,
    "start_time": "2022-07-07T11:00:00",
    "time": [
        0,
        1,
        2,
        3,
        4,
        5,
        6,
        7,
        8,
        9,
        10,
        11,
        12
    ],
    "wthl": [
        0.09362171715179185,
        0.04479826203225,
        0.10644221933105583,
        0.14215926477104793,
        0.10388519068942709,
        0.043907103844022105,
        0.01694239753243824,
        0.00136483338217842,
        0.0,
        0.0,
        0.0,
        0.0,
        0.0
    ],
    "wqt": [
        0.00012399467232171446,
        0.00012803425488527864,
        0.00012124765635235235,
        0.00012344616698101163,
        0.00010482910147402436,
        7.588968583149835e-05,
        5.4702726629329845e-05,
        2.840603337972425e-05,
        6.5114563767565414e-06,
        2.1004282189096557e-06,
        8.365055350623152e-07,
        1.1336960596963763e-06,
        6.902151312715432e-07
    ],
    "is_tuned": true,
    "fc": 9.699278976838076e-05,
    "ps": 96867.015625,
    "z0m": 0.49265342950820923,
    "z0h": 0.0908433273434639
}