{
    "zi": 665.4086303710938,
    "thl": 301.971435546875,
    "dthl": 0.889312744140625,
    "gamma_thl_1": 0.0015336532378569245,
    "z1_thl": 1667.025390625,
    "gamma_thl_2": 0.006792282219976187,
    "qt": 0.010794480331242085,
    "dqt": -0.001073240302503109,
    "gamma_qt_1": -2.382889988439274e-06,
    "z1_qt": 1360.52392578125,
    "gamma_qt_2": -2.5458646177867195e-06,
    "div": 1.0981982995872386e-05,
    "u": -1.6769592761993408,
    "ug": -2.8496193885803223,
    "du": -1.1726601123809814,
    "gamma_u_1": -0.001995581667870283,
    "z1_u": 1573.5614013671875,
    "gamma_u_2": -0.002064943080767989,
    "v": -10.087028503417969,
    "vg": -11.65982437133789,
    "dv": -1.5727958679199219,
    "gamma_v_1": -0.0005029001622460783,
    "z1_v": 3037.957763671875,
    "gamma_v_2": 0.004509935155510902,
    "start_time": "2024-08-11T12:00:00",
    "time": [
        0,
        1,
        2,
        3,
        4,
        5,
        6,
        7,
        8,
        9,
        10,
        11
    ],
    "wthl": [
        0.33137200988670706,
        0.28088430353706567,
        0.21148639643745845,
        0.1354453158978963,
        0.0558820378352221,
        0.0001602229911650289,
        0.0,
        0.0,
        0.0,
        0.0,
        0.0,
        0.0
    ],
    "wqt": [
        1.9756698748096824e-05,
        2.111953654093668e-05,
        2.2018328309059143e-05,
        2.2002774130669422e-05,
        1.9648385205073282e-05,
        1.6331905499100685e-05,
        1.3947577826911584e-05,
        1.2534562301880214e-05,
        1.1651739441731479e-05,
        1.1526963135111146e-05,
        1.3352756468520965e-05,
        1.3273539479996543e-05
    ],
    "is_tuned": true,
    "fc": 9.026582823790589e-05,
    "ps": 99419.9609375,
    "z0m": 0.3742941617965698,
    "z0h": 0.0014167198678478599
}